,timestamp, Close/Last_ACTUAL, Close/Last_FORECAST
2517,2010-03-01,29.8557,
2516,2010-03-02,29.8357,
2515,2010-03-03,29.9043,
2514,2010-03-04,30.1014,
2513,2010-03-05,31.2786,
2512,2010-03-08,31.2971,
2511,2010-03-09,31.86,
2510,2010-03-10,32.12,
2509,2010-03-11,32.2143,
2508,2010-03-12,32.3714,
2507,2010-03-15,31.9771,
2506,2010-03-16,32.0643,
2505,2010-03-17,32.0171,
2504,2010-03-18,32.0928,
2503,2010-03-19,31.75,
2502,2010-03-22,32.1071,
2501,2010-03-23,32.6228,
2500,2010-03-24,32.7671,
2499,2010-03-25,32.3786,
2498,2010-03-26,32.9857,
2497,2010-03-29,33.1986,
2496,2010-03-30,33.6921,
2495,2010-03-31,33.5714,
2494,2010-04-01,33.71,
2493,2010-04-05,34.07,
2492,2010-04-06,34.22,
2491,2010-04-07,34.3714,
2490,2010-04-08,34.2786,
2489,2010-04-09,34.5414,
2488,2010-04-12,34.6128,
2487,2010-04-13,34.6328,
2486,2010-04-14,35.0986,
2485,2010-04-15,35.56,
2484,2010-04-16,35.3428,
2483,2010-04-19,35.2957,
2482,2010-04-20,34.9414,
2481,2010-04-21,37.0314,
2480,2010-04-22,38.0671,
2479,2010-04-23,38.69,
2478,2010-04-26,38.5,
2477,2010-04-27,37.4343,
2476,2010-04-28,37.3714,
2475,2010-04-29,38.3771,
2474,2010-04-30,37.2986,
2473,2010-05-03,38.05,
2472,2010-05-04,36.9543,
2471,2010-05-05,36.5693,
2470,2010-05-06,35.1786,
2469,2010-05-07,33.6943,
2468,2010-05-10,36.2843,
2467,2010-05-11,36.6457,
2466,2010-05-12,37.4414,
2465,2010-05-13,36.9086,
2464,2010-05-14,36.26,
2463,2010-05-17,36.3171,
2462,2010-05-18,36.0514,
2461,2010-05-19,35.4771,
2460,2010-05-20,33.9657,
2459,2010-05-21,34.6171,
2458,2010-05-24,35.2514,
2457,2010-05-25,35.0314,
2456,2010-05-26,34.8727,
2455,2010-05-27,36.1928,
2454,2010-05-28,36.6971,
2453,2010-06-01,37.2614,
2452,2010-06-02,37.7071,
2451,2010-06-03,37.5886,
2450,2010-06-04,36.5664,
2449,2010-06-07,35.8486,
2448,2010-06-08,35.6186,
2447,2010-06-09,34.7428,
2446,2010-06-10,35.7871,
2445,2010-06-11,36.2157,
2444,2010-06-14,36.3257,
2443,2010-06-15,37.0986,
2442,2010-06-16,38.1786,
2441,2010-06-17,38.8386,
2440,2010-06-18,39.1534,
2439,2010-06-21,38.5957,
2438,2010-06-22,39.1214,
2437,2010-06-23,38.71,
2436,2010-06-24,38.4286,
2435,2010-06-25,38.1,
2434,2010-06-28,38.3286,
2433,2010-06-29,36.5957,
2432,2010-06-30,35.9328,
2431,2010-07-01,35.4971,
2430,2010-07-02,35.2771,
2429,2010-07-06,35.5186,
2428,2010-07-07,36.9521,
2427,2010-07-08,36.87,
2426,2010-07-09,37.0886,
2425,2010-07-12,36.755,
2424,2010-07-13,35.9711,
2423,2010-07-14,36.1038,
2422,2010-07-15,35.9214,
2421,2010-07-16,35.7,
2420,2010-07-19,35.0828,
2419,2010-07-20,35.9843,
2418,2010-07-21,36.32,
2417,2010-07-22,37.0034,
2416,2010-07-23,37.1343,
2415,2010-07-26,37.04,
2414,2010-07-27,37.7257,
2413,2010-07-28,37.28,
2412,2010-07-29,36.8728,
2411,2010-07-30,36.75,
2410,2010-08-02,37.4071,
2409,2010-08-03,37.4186,
2408,2010-08-04,37.5686,
2407,2010-08-05,37.3857,
2406,2010-08-06,37.1558,
2405,2010-08-09,37.3928,
2404,2010-08-10,37.0586,
2403,2010-08-11,35.7414,
2402,2010-08-12,35.97,
2401,2010-08-13,35.5857,
2400,2010-08-16,35.3771,
2399,2010-08-17,35.9957,
2398,2010-08-18,36.1528,
2397,2010-08-19,35.6971,
2396,2010-08-20,35.6628,
2395,2010-08-23,35.1143,
2394,2010-08-24,34.2757,
2393,2010-08-25,34.6986,
2392,2010-08-26,34.3257,
2391,2010-08-27,34.5171,
2390,2010-08-30,34.6428,
2389,2010-08-31,34.7286,
2388,2010-09-01,35.7614,
2387,2010-09-02,36.0243,
2386,2010-09-03,36.9671,
2385,2010-09-07,36.83,
2384,2010-09-08,37.56,
2383,2010-09-09,37.5814,
2382,2010-09-10,37.63,
2381,2010-09-13,38.1486,
2380,2010-09-14,38.2943,
2379,2010-09-15,38.6028,
2378,2010-09-16,39.51,
2377,2010-09-17,39.3386,
2376,2010-09-20,40.4614,
2375,2010-09-21,40.5386,
2374,2010-09-22,41.1071,
2373,2010-09-23,41.2743,
2372,2010-09-24,41.76,
2371,2010-09-27,41.5948,
2370,2010-09-28,40.98,
2369,2010-09-29,41.0528,
2368,2010-09-30,40.5357,
2367,2010-10-01,40.36,
2366,2010-10-04,39.8057,
2365,2010-10-05,41.2771,
2364,2010-10-06,41.3128,
2363,2010-10-07,41.3171,
2362,2010-10-08,42.01,
2361,2010-10-11,42.1943,
2360,2010-10-12,42.6486,
2359,2010-10-13,42.8771,
2358,2010-10-14,43.1871,
2357,2010-10-15,44.9628,
2356,2010-10-18,45.4286,
2355,2010-10-19,44.2128,
2354,2010-10-20,44.3614,
2353,2010-10-21,44.2171,
2352,2010-10-22,43.9243,
2351,2010-10-25,44.12,
2350,2010-10-26,44.0071,
2349,2010-10-27,43.9757,
2348,2010-10-28,43.6057,
2347,2010-10-29,42.9971,
2346,2010-11-01,43.4543,
2345,2010-11-02,44.1943,
2344,2010-11-03,44.6857,
2343,2010-11-04,45.4671,
2342,2010-11-05,45.3043,
2341,2010-11-08,45.5171,
2340,2010-11-09,45.1543,
2339,2010-11-10,45.4328,
2338,2010-11-11,45.2364,
2337,2010-11-12,44.0043,
2336,2010-11-15,43.8621,
2335,2010-11-16,43.0843,
2334,2010-11-17,42.9286,
2333,2010-11-18,44.0614,
2332,2010-11-19,43.8186,
2331,2010-11-22,44.7657,
2330,2010-11-23,44.1043,
2329,2010-11-24,44.9707,
2328,2010-11-26,45.0,
2327,2010-11-29,45.2671,
2326,2010-11-30,44.45,
2325,2010-12-01,45.2,
2324,2010-12-02,45.45,
2323,2010-12-03,45.3486,
2322,2010-12-06,45.7357,
2321,2010-12-07,45.4586,
2320,2010-12-08,45.8586,
2319,2010-12-09,45.6796,
2318,2010-12-10,45.7943,
2317,2010-12-13,45.9528,
2316,2010-12-14,45.7557,
2315,2010-12-15,45.7657,
2314,2010-12-16,45.8928,
2313,2010-12-17,45.8014,
2312,2010-12-20,46.03,
2311,2010-12-21,46.315,
2310,2010-12-22,46.4514,
2309,2010-12-23,46.2286,
2308,2010-12-27,46.3828,
2307,2010-12-28,46.4957,
2306,2010-12-29,46.47,
2305,2010-12-30,46.2371,
2304,2010-12-31,46.08,
2303,2011-01-03,47.0814,
2302,2011-01-04,47.3271,
2301,2011-01-05,47.7143,
2300,2011-01-06,47.6757,
2299,2011-01-07,48.0171,
2298,2011-01-10,48.9221,
2297,2011-01-11,48.8057,
2296,2011-01-12,49.2028,
2295,2011-01-13,49.3828,
2294,2011-01-14,49.7828,
2293,2011-01-18,48.6643,
2292,2011-01-19,48.4057,
2291,2011-01-20,47.5257,
2290,2011-01-21,46.6743,
2289,2011-01-24,48.2071,
2288,2011-01-25,48.7714,
2287,2011-01-26,49.1214,
2286,2011-01-27,49.03,
2285,2011-01-28,48.0143,
2284,2011-01-31,48.4743,
2283,2011-02-01,49.29,
2282,2011-02-02,49.1886,
2281,2011-02-03,49.0628,
2280,2011-02-04,49.5,
2279,2011-02-07,50.2686,
2278,2011-02-08,50.7428,
2277,2011-02-09,51.1657,
2276,2011-02-10,50.6486,
2275,2011-02-11,50.9786,
2274,2011-02-14,51.3114,
2273,2011-02-15,51.4143,
2272,2011-02-16,51.8757,
2271,2011-02-17,51.1857,
2270,2011-02-18,50.08,
2269,2011-02-22,48.3728,
2268,2011-02-23,48.9457,
2267,2011-02-24,48.9828,
2266,2011-02-25,49.7371,
2265,2011-02-28,50.4586,
2264,2011-03-01,49.9014,
2263,2011-03-02,50.3028,
2262,2011-03-03,51.3657,
2261,2011-03-04,51.4286,
2260,2011-03-07,50.7657,
2259,2011-03-08,50.8228,
2258,2011-03-09,50.3528,
2257,2011-03-10,49.5243,
2256,2011-03-11,50.2843,
2255,2011-03-14,50.5086,
2254,2011-03-15,49.3471,
2253,2011-03-16,47.1443,
2252,2011-03-17,47.8057,
2251,2011-03-18,47.2386,
2250,2011-03-21,48.4714,
2249,2011-03-22,48.7428,
2248,2011-03-23,48.4557,
2247,2011-03-24,49.2814,
2246,2011-03-25,50.22,
2245,2011-03-28,50.0628,
2244,2011-03-29,50.1371,
2243,2011-03-30,49.8043,
2242,2011-03-31,49.7868,
2241,2011-04-01,49.2228,
2240,2011-04-04,48.7414,
2239,2011-04-05,48.4128,
2238,2011-04-06,48.2914,
2237,2011-04-07,48.2971,
2236,2011-04-08,47.8657,
2235,2011-04-11,47.2571,
2234,2011-04-12,47.4857,
2233,2011-04-13,48.0186,
2232,2011-04-14,47.4886,
2231,2011-04-15,46.78,
2230,2011-04-18,47.4071,
2229,2011-04-19,48.2657,
2228,2011-04-20,48.9157,
2227,2011-04-21,50.0994,
2226,2011-04-25,50.4298,
2225,2011-04-26,50.06,
2224,2011-04-27,50.0214,
2223,2011-04-28,49.5357,
2222,2011-04-29,50.0186,
2221,2011-05-02,49.4686,
2220,2011-05-03,49.7428,
2219,2011-05-04,49.9386,
2218,2011-05-05,49.5357,
2217,2011-05-06,49.5228,
2216,2011-05-09,49.6571,
2215,2011-05-10,49.9214,
2214,2011-05-11,49.6043,
2213,2011-05-12,49.51,
2212,2011-05-13,48.6428,
2211,2011-05-16,47.6143,
2210,2011-05-17,48.02,
2209,2011-05-18,48.5528,
2208,2011-05-19,48.6471,
2207,2011-05-20,47.8886,
2206,2011-05-23,47.7714,
2205,2011-05-24,47.4557,
2204,2011-05-25,48.1114,
2203,2011-05-26,47.8571,
2202,2011-05-27,48.2014,
2201,2011-05-31,49.69,
2200,2011-06-01,49.3586,
2199,2011-06-02,49.4431,
2198,2011-06-03,49.0628,
2197,2011-06-06,48.2914,
2196,2011-06-07,47.4343,
2195,2011-06-08,47.4628,
2194,2011-06-09,47.3557,
2193,2011-06-10,46.5571,
2192,2011-06-13,46.6571,
2191,2011-06-14,47.4914,
2190,2011-06-15,46.6786,
2189,2011-06-16,46.4514,
2188,2011-06-17,45.7514,
2187,2011-06-20,45.0457,
2186,2011-06-21,46.4714,
2185,2011-06-22,46.0871,
2184,2011-06-23,47.3186,
2183,2011-06-24,46.6214,
2182,2011-06-27,47.4343,
2181,2011-06-28,47.8943,
2180,2011-06-29,47.72,
2179,2011-06-30,47.9528,
2178,2011-07-01,49.0371,
2177,2011-07-05,49.9186,
2176,2011-07-06,50.2514,
2175,2011-07-07,51.0286,
2174,2011-07-08,51.3871,
2173,2011-07-11,50.5714,
2172,2011-07-12,50.5357,
2171,2011-07-13,51.1457,
2170,2011-07-14,51.11,
2169,2011-07-15,52.1314,
2168,2011-07-18,53.4,
2167,2011-07-19,53.8357,
2166,2011-07-20,55.2714,
2165,2011-07-21,55.3271,
2164,2011-07-22,56.1857,
2163,2011-07-25,56.9286,
2162,2011-07-26,57.63,
2161,2011-07-27,56.0843,
2160,2011-07-28,55.9743,
2159,2011-07-29,55.7828,
2158,2011-08-01,56.6786,
2157,2011-08-02,55.5586,
2156,2011-08-03,56.0814,
2155,2011-08-04,53.91,
2154,2011-08-05,53.3743,
2153,2011-08-08,50.4586,
2152,2011-08-09,53.43,
2151,2011-08-10,51.9557,
2150,2011-08-11,53.3857,
2149,2011-08-12,53.8557,
2148,2011-08-15,54.7728,
2147,2011-08-16,54.3543,
2146,2011-08-17,54.3486,
2145,2011-08-18,52.2928,
2144,2011-08-19,50.8614,
2143,2011-08-22,50.92,
2142,2011-08-23,53.3714,
2141,2011-08-24,53.74,
2140,2011-08-25,53.3886,
2139,2011-08-26,54.7971,
2138,2011-08-29,55.71,
2137,2011-08-30,55.7128,
2136,2011-08-31,54.9757,
2135,2011-09-01,54.4328,
2134,2011-09-02,53.4357,
2133,2011-09-06,54.2486,
2132,2011-09-07,54.8471,
2131,2011-09-08,54.8771,
2130,2011-09-09,53.9257,
2129,2011-09-12,54.2771,
2128,2011-09-13,54.9457,
2127,2011-09-14,55.6143,
2126,2011-09-15,56.1371,
2125,2011-09-16,57.2143,
2124,2011-09-19,58.8043,
2123,2011-09-20,59.0643,
2122,2011-09-21,58.8771,
2121,2011-09-22,57.4028,
2120,2011-09-23,57.7571,
2119,2011-09-26,57.5957,
2118,2011-09-27,57.0371,
2117,2011-09-28,56.7157,
2116,2011-09-29,55.7957,
2115,2011-09-30,54.4743,
2114,2011-10-03,53.5143,
2113,2011-10-04,53.2143,
2112,2011-10-05,54.0357,
2111,2011-10-06,53.91,
2110,2011-10-07,52.8286,
2109,2011-10-10,55.5443,
2108,2011-10-11,57.1843,
2107,2011-10-12,57.4557,
2106,2011-10-13,58.3471,
2105,2011-10-14,60.2857,
2104,2011-10-17,59.9986,
2103,2011-10-18,60.32,
2102,2011-10-19,56.9457,
2101,2011-10-20,56.4728,
2100,2011-10-21,56.1243,
2099,2011-10-24,57.9671,
2098,2011-10-25,56.8243,
2097,2011-10-26,57.2286,
2096,2011-10-27,57.8128,
2095,2011-10-28,57.85,
2094,2011-10-31,57.8257,
2093,2011-11-01,56.6443,
2092,2011-11-02,56.7728,
2091,2011-11-03,57.5814,
2090,2011-11-04,57.1771,
2089,2011-11-07,57.1043,
2088,2011-11-08,58.0328,
2087,2011-11-09,56.4686,
2086,2011-11-10,55.0314,
2085,2011-11-11,54.9457,
2084,2011-11-14,54.18,
2083,2011-11-15,55.5471,
2082,2011-11-16,54.9671,
2081,2011-11-17,53.9157,
2080,2011-11-18,53.5628,
2079,2011-11-21,52.7157,
2078,2011-11-22,53.7871,
2077,2011-11-23,52.4271,
2076,2011-11-25,51.9386,
2075,2011-11-28,53.7314,
2074,2011-11-29,53.3143,
2073,2011-11-30,54.6,
2072,2011-12-01,55.4186,
2071,2011-12-02,55.6714,
2070,2011-12-05,56.1443,
2069,2011-12-06,55.85,
2068,2011-12-07,55.5843,
2067,2011-12-08,55.8086,
2066,2011-12-09,56.2314,
2065,2011-12-12,55.9771,
2064,2011-12-13,55.5443,
2063,2011-12-14,54.3128,
2062,2011-12-15,54.1343,
2061,2011-12-16,54.4314,
2060,2011-12-19,54.6014,
2059,2011-12-20,56.5643,
2058,2011-12-21,56.635,
2057,2011-12-22,56.9357,
2056,2011-12-23,57.6186,
2055,2011-12-27,58.0757,
2054,2011-12-28,57.52,
2053,2011-12-29,57.8743,
2052,2011-12-30,57.8571,
2051,2012-01-03,58.7471,
2050,2012-01-04,59.0628,
2049,2012-01-05,59.7186,
2048,2012-01-06,60.3428,
2047,2012-01-09,60.2471,
2046,2012-01-10,60.4628,
2045,2012-01-11,60.3643,
2044,2012-01-12,60.1986,
2043,2012-01-13,59.9728,
2042,2012-01-17,60.6714,
2041,2012-01-18,61.3014,
2040,2012-01-19,61.1071,
2039,2012-01-20,60.0428,
2038,2012-01-23,61.0584,
2037,2012-01-24,60.0586,
2036,2012-01-25,63.8086,
2035,2012-01-26,63.5186,
2034,2012-01-27,63.8971,
2033,2012-01-30,64.7157,
2032,2012-01-31,65.2114,
2031,2012-02-01,65.17,
2030,2012-02-02,65.0171,
2029,2012-02-03,65.6686,
2028,2012-02-06,66.2814,
2027,2012-02-07,66.9757,
2026,2012-02-08,68.0971,
2025,2012-02-09,70.4528,
2024,2012-02-10,70.4886,
2023,2012-02-13,71.8,
2022,2012-02-14,72.78,
2021,2012-02-15,71.0957,
2020,2012-02-16,71.7443,
2019,2012-02-17,71.7314,
2018,2012-02-21,73.55,
2017,2012-02-22,73.2914,
2016,2012-02-23,73.77,
2015,2012-02-24,74.63,
2014,2012-02-27,75.1085,
2013,2012-02-28,76.4871,
2012,2012-02-29,77.4914,
2011,2012-03-01,77.7814,
2010,2012-03-02,77.8828,
2009,2012-03-05,76.1657,
2008,2012-03-06,75.7514,
2007,2012-03-07,75.8128,
2006,2012-03-08,77.4271,
2005,2012-03-09,77.8814,
2004,2012-03-12,78.8571,
2003,2012-03-13,81.1571,
2002,2012-03-14,84.2257,
2001,2012-03-15,83.6514,
2000,2012-03-16,83.6528,
1999,2012-03-19,85.8714,
1998,2012-03-20,86.5657,
1997,2012-03-21,86.0714,
1996,2012-03-22,85.62,
1995,2012-03-23,85.15,
1994,2012-03-26,86.7114,
1993,2012-03-27,87.7828,
1992,2012-03-28,88.2314,
1991,2012-03-29,87.1228,
1990,2012-03-30,85.65,
1989,2012-04-02,88.3757,
1988,2012-04-03,89.9028,
1987,2012-04-04,89.1871,
1986,2012-04-05,90.5257,
1985,2012-04-09,90.89,
1984,2012-04-10,89.7771,
1983,2012-04-11,89.4571,
1982,2012-04-12,88.9671,
1981,2012-04-13,86.4614,
1980,2012-04-16,82.8757,
1979,2012-04-17,87.1,
1978,2012-04-18,86.9057,
1977,2012-04-19,83.92,
1976,2012-04-20,81.8543,
1975,2012-04-23,81.6714,
1974,2012-04-24,80.04,
1973,2012-04-25,87.1428,
1972,2012-04-26,86.8143,
1971,2012-04-27,86.1428,
1970,2012-04-30,83.4257,
1969,2012-05-01,83.1614,
1968,2012-05-02,83.7114,
1967,2012-05-03,83.1171,
1966,2012-05-04,80.75,
1965,2012-05-07,81.3543,
1964,2012-05-08,81.1685,
1963,2012-05-09,81.3114,
1962,2012-05-10,81.5028,
1961,2012-05-11,80.9585,
1960,2012-05-14,79.7457,
1959,2012-05-15,79.0243,
1958,2012-05-16,78.0107,
1957,2012-05-17,75.7314,
1956,2012-05-18,75.7685,
1955,2012-05-21,80.1828,
1954,2012-05-22,79.5671,
1953,2012-05-23,81.5085,
1952,2012-05-24,80.76,
1951,2012-05-25,80.3271,
1950,2012-05-29,81.7528,
1949,2012-05-30,82.7385,
1948,2012-05-31,82.5328,
1947,2012-06-01,80.1414,
1946,2012-06-04,80.6128,
1945,2012-06-05,80.4043,
1944,2012-06-06,81.6371,
1943,2012-06-07,81.6743,
1942,2012-06-08,82.9028,
1941,2012-06-11,81.5957,
1940,2012-06-12,82.3085,
1939,2012-06-13,81.7371,
1938,2012-06-14,81.6471,
1937,2012-06-15,82.0185,
1936,2012-06-18,83.6828,
1935,2012-06-19,83.9157,
1934,2012-06-20,83.6773,
1933,2012-06-21,82.5243,
1932,2012-06-22,83.1571,
1931,2012-06-25,81.5378,
1930,2012-06-26,81.7178,
1929,2012-06-27,82.0714,
1928,2012-06-28,81.2928,
1927,2012-06-29,83.4285,
1926,2012-07-02,84.6457,
1925,2012-07-03,85.63,
1924,2012-07-05,87.1343,
1923,2012-07-06,86.5543,
1922,2012-07-09,87.6985,
1921,2012-07-10,86.8871,
1920,2012-07-11,86.3471,
1919,2012-07-12,85.5571,
1918,2012-07-13,86.4243,
1917,2012-07-16,86.7014,
1916,2012-07-17,86.7057,
1915,2012-07-18,86.6085,
1914,2012-07-19,87.76,
1913,2012-07-20,86.3285,
1912,2012-07-23,86.2614,
1911,2012-07-24,85.8457,
1910,2012-07-25,82.1385,
1909,2012-07-26,82.1257,
1908,2012-07-27,83.5943,
1907,2012-07-30,85.0043,
1906,2012-07-31,87.2514,
1905,2012-08-01,86.6871,
1904,2012-08-02,86.8271,
1903,2012-08-03,87.9571,
1902,2012-08-06,88.9357,
1901,2012-08-07,88.702,
1900,2012-08-08,88.5514,
1899,2012-08-09,88.6757,
1898,2012-08-10,88.8143,
1897,2012-08-13,90.0,
1896,2012-08-14,90.2414,
1895,2012-08-15,90.1185,
1894,2012-08-16,90.9057,
1893,2012-08-17,92.5871,
1892,2012-08-20,95.0214,
1891,2012-08-21,93.7231,
1890,2012-08-22,95.5528,
1889,2012-08-23,94.6614,
1888,2012-08-24,94.746,
1887,2012-08-27,96.5257,
1886,2012-08-28,96.4,
1885,2012-08-29,96.2094,
1884,2012-08-30,94.8383,
1883,2012-08-31,95.0343,
1882,2012-09-04,96.4243,
1881,2012-09-05,95.7471,
1880,2012-09-06,96.61,
1879,2012-09-07,97.2057,
1878,2012-09-10,94.6771,
1877,2012-09-11,94.37,
1876,2012-09-12,95.6843,
1875,2012-09-13,97.5685,
1874,2012-09-14,98.7543,
1873,2012-09-17,99.9687,
1872,2012-09-18,100.2728,
1871,2012-09-19,100.3,
1870,2012-09-20,99.8143,
1869,2012-09-21,100.0135,
1868,2012-09-24,98.6843,
1867,2012-09-25,96.22,
1866,2012-09-26,95.0257,
1865,2012-09-27,97.3314,
1864,2012-09-28,95.3007,
1863,2012-10-01,94.1985,
1862,2012-10-02,94.4728,
1861,2012-10-03,95.9214,
1860,2012-10-04,95.2571,
1859,2012-10-05,93.2271,
1858,2012-10-08,91.1671,
1857,2012-10-09,90.8357,
1856,2012-10-10,91.5585,
1855,2012-10-11,89.7285,
1854,2012-10-12,89.9591,
1853,2012-10-15,90.68,
1852,2012-10-16,92.8275,
1851,2012-10-17,92.0876,
1850,2012-10-18,90.3771,
1849,2012-10-19,87.12,
1848,2012-10-22,90.5757,
1847,2012-10-23,87.6222,
1846,2012-10-24,88.1185,
1845,2012-10-25,87.0768,
1844,2012-10-26,86.2857,
1843,2012-10-31,85.0457,
1842,2012-11-01,85.22,
1841,2012-11-02,82.4,
1840,2012-11-05,83.5173,
1839,2012-11-06,83.2642,
1838,2012-11-07,79.7145,
1837,2012-11-08,76.8214,
1836,2012-11-09,78.1514,
1835,2012-11-12,77.5471,
1834,2012-11-13,77.5568,
1833,2012-11-14,76.6971,
1832,2012-11-15,75.0885,
1831,2012-11-16,75.3825,
1830,2012-11-19,80.8185,
1829,2012-11-20,80.1305,
1828,2012-11-21,80.2428,
1827,2012-11-23,81.6428,
1826,2012-11-26,84.2185,
1825,2012-11-27,83.54,
1824,2012-11-28,83.2771,
1823,2012-11-29,84.1943,
1822,2012-11-30,83.6114,
1821,2012-12-03,83.7414,
1820,2012-12-04,82.2636,
1819,2012-12-05,76.9703,
1818,2012-12-06,78.1778,
1817,2012-12-07,76.1785,
1816,2012-12-10,75.6887,
1815,2012-12-11,77.3411,
1814,2012-12-12,77.0,
1813,2012-12-13,75.67,
1812,2012-12-14,72.8277,
1811,2012-12-17,74.1185,
1810,2012-12-18,76.2714,
1809,2012-12-19,75.1871,
1808,2012-12-20,74.5329,
1807,2012-12-21,74.19,
1806,2012-12-24,74.3097,
1805,2012-12-26,73.2856,
1804,2012-12-27,73.58,
1803,2012-12-28,72.7984,
1802,2012-12-31,76.0247,
1801,2013-01-02,78.4328,
1800,2013-01-03,77.4422,
1799,2013-01-04,75.2857,
1798,2013-01-07,74.8428,
1797,2013-01-08,75.0443,
1796,2013-01-09,73.8714,
1795,2013-01-10,74.7871,
1794,2013-01-11,74.3285,
1793,2013-01-14,71.6785,
1792,2013-01-15,69.4171,
1791,2013-01-16,72.2985,
1790,2013-01-17,71.8114,
1789,2013-01-18,71.4285,
1788,2013-01-22,72.11,
1787,2013-01-23,73.4293,
1786,2013-01-24,64.3571,
1785,2013-01-25,62.84,
1784,2013-01-28,64.2614,
1783,2013-01-29,65.4671,
1782,2013-01-30,65.2614,
1781,2013-01-31,65.07,
1780,2013-02-01,64.8028,
1779,2013-02-04,63.188,
1778,2013-02-05,65.4063,
1777,2013-02-06,65.3357,
1776,2013-02-07,66.8886,
1775,2013-02-08,67.8543,
1774,2013-02-11,68.5614,
1773,2013-02-12,66.8428,
1772,2013-02-13,66.7157,
1771,2013-02-14,66.6557,
1770,2013-02-15,65.7371,
1769,2013-02-19,65.7128,
1768,2013-02-20,64.1214,
1767,2013-02-21,63.7228,
1766,2013-02-22,64.4014,
1765,2013-02-25,63.2571,
1764,2013-02-26,64.1386,
1763,2013-02-27,63.51,
1762,2013-02-28,63.0571,
1761,2013-03-01,61.4957,
1760,2013-03-04,60.0071,
1759,2013-03-05,61.592,
1758,2013-03-06,60.8088,
1757,2013-03-07,61.5117,
1756,2013-03-08,61.6743,
1755,2013-03-11,62.5528,
1754,2013-03-12,61.2043,
1753,2013-03-13,61.1928,
1752,2013-03-14,61.7857,
1751,2013-03-15,63.38,
1750,2013-03-18,65.1028,
1749,2013-03-19,64.9271,
1748,2013-03-20,64.5828,
1747,2013-03-21,64.6757,
1746,2013-03-22,65.9871,
1745,2013-03-25,66.2257,
1744,2013-03-26,65.8766,
1743,2013-03-27,64.5828,
1742,2013-03-28,63.2371,
1741,2013-04-01,61.2728,
1740,2013-04-02,61.3988,
1739,2013-04-03,61.7128,
1738,2013-04-04,61.1028,
1737,2013-04-05,60.4571,
1736,2013-04-08,60.8871,
1735,2013-04-09,60.9971,
1734,2013-04-10,62.2414,
1733,2013-04-11,62.0471,
1732,2013-04-12,61.4,
1731,2013-04-15,59.9786,
1730,2013-04-16,60.8914,
1729,2013-04-17,57.5428,
1728,2013-04-18,56.0071,
1727,2013-04-19,55.79,
1726,2013-04-22,56.9528,
1725,2013-04-23,58.0186,
1724,2013-04-24,57.9231,
1723,2013-04-25,58.34,
1722,2013-04-26,59.6007,
1721,2013-04-29,61.4457,
1720,2013-04-30,63.2543,
1719,2013-05-01,62.7557,
1718,2013-05-02,63.6457,
1717,2013-05-03,64.2828,
1716,2013-05-06,65.8157,
1715,2013-05-07,65.5226,
1714,2013-05-08,66.2628,
1713,2013-05-09,65.2528,
1712,2013-05-10,64.71,
1711,2013-05-13,64.9628,
1710,2013-05-14,63.4086,
1709,2013-05-15,61.2643,
1708,2013-05-16,62.0826,
1707,2013-05-17,61.8943,
1706,2013-05-20,63.2757,
1705,2013-05-21,62.8086,
1704,2013-05-22,63.0506,
1703,2013-05-23,63.1628,
1702,2013-05-24,63.5928,
1701,2013-05-28,63.0627,
1700,2013-05-29,63.5643,
1699,2013-05-30,64.5114,
1698,2013-05-31,64.2478,
1697,2013-06-03,64.3886,
1696,2013-06-04,64.1871,
1695,2013-06-05,63.5871,
1694,2013-06-06,62.6371,
1693,2013-06-07,63.1158,
1692,2013-06-10,62.6986,
1691,2013-06-11,62.5143,
1690,2013-06-12,61.7414,
1689,2013-06-13,62.2807,
1688,2013-06-14,61.4357,
1687,2013-06-17,61.7143,
1686,2013-06-18,61.6814,
1685,2013-06-19,60.4286,
1684,2013-06-20,59.5483,
1683,2013-06-21,59.0714,
1682,2013-06-24,57.5057,
1681,2013-06-25,57.5186,
1680,2013-06-26,56.8671,
1679,2013-06-27,56.2543,
1678,2013-06-28,56.6471,
1677,2013-07-01,58.46,
1676,2013-07-02,59.7843,
1675,2013-07-03,60.1143,
1674,2013-07-05,59.6314,
1673,2013-07-08,59.2928,
1672,2013-07-09,60.3357,
1671,2013-07-10,60.1043,
1670,2013-07-11,61.0411,
1669,2013-07-12,60.93,
1668,2013-07-15,61.0628,
1667,2013-07-16,61.4564,
1666,2013-07-17,61.4728,
1665,2013-07-18,61.6797,
1664,2013-07-19,60.7071,
1663,2013-07-22,60.9014,
1662,2013-07-23,59.8557,
1661,2013-07-24,62.93,
1660,2013-07-25,62.6428,
1659,2013-07-26,62.9986,
1658,2013-07-29,63.97,
1657,2013-07-30,64.76,
1656,2013-07-31,64.6471,
1655,2013-08-01,65.2394,
1654,2013-08-02,66.0771,
1653,2013-08-05,67.0643,
1652,2013-08-06,66.4643,
1651,2013-08-07,66.4257,
1650,2013-08-08,65.8586,
1649,2013-08-09,64.9214,
1648,2013-08-12,66.7657,
1647,2013-08-13,69.9386,
1646,2013-08-14,71.2143,
1645,2013-08-15,71.13,
1644,2013-08-16,71.7614,
1643,2013-08-19,72.5343,
1642,2013-08-20,71.5814,
1641,2013-08-21,71.7657,
1640,2013-08-22,71.8514,
1639,2013-08-23,71.5743,
1638,2013-08-26,71.8528,
1637,2013-08-27,69.7986,
1636,2013-08-28,70.128,
1635,2013-08-29,70.2428,
1634,2013-08-30,69.6023,
1633,2013-09-03,69.7971,
1632,2013-09-04,71.2416,
1631,2013-09-05,70.7528,
1630,2013-09-06,71.1743,
1629,2013-09-09,72.31,
1628,2013-09-10,70.6628,
1627,2013-09-11,66.8157,
1626,2013-09-12,67.5271,
1625,2013-09-13,66.4143,
1624,2013-09-16,64.3028,
1623,2013-09-17,65.0457,
1622,2013-09-18,66.3828,
1621,2013-09-19,67.4714,
1620,2013-09-20,66.7728,
1619,2013-09-23,70.0914,
1618,2013-09-24,69.8714,
1617,2013-09-25,68.79,
1616,2013-09-26,69.46,
1615,2013-09-27,68.9643,
1614,2013-09-30,68.1071,
1613,2013-10-01,69.7086,
1612,2013-10-02,69.9371,
1611,2013-10-03,69.0586,
1610,2013-10-04,69.0043,
1609,2013-10-07,69.6786,
1608,2013-10-08,68.7057,
1607,2013-10-09,69.5126,
1606,2013-10-10,69.9483,
1605,2013-10-11,70.4017,
1604,2013-10-14,70.8628,
1603,2013-10-15,71.24,
1602,2013-10-16,71.5877,
1601,2013-10-17,72.0714,
1600,2013-10-18,72.6985,
1599,2013-10-21,74.4803,
1598,2013-10-22,74.2668,
1597,2013-10-23,74.9943,
1596,2013-10-24,75.9871,
1595,2013-10-25,75.1368,
1594,2013-10-28,75.6965,
1593,2013-10-29,73.8111,
1592,2013-10-30,74.9851,
1591,2013-10-31,74.6717,
1590,2013-11-01,74.29,
1589,2013-11-04,75.25,
1588,2013-11-05,75.0641,
1587,2013-11-06,74.4171,
1586,2013-11-07,73.2131,
1585,2013-11-08,74.3657,
1584,2013-11-11,74.1497,
1583,2013-11-12,74.2871,
1582,2013-11-13,74.3763,
1581,2013-11-14,75.4514,
1580,2013-11-15,74.9987,
1579,2013-11-18,74.0898,
1578,2013-11-19,74.2214,
1577,2013-11-20,73.5714,
1576,2013-11-21,74.448,
1575,2013-11-22,74.2571,
1574,2013-11-25,74.82,
1573,2013-11-26,76.2,
1572,2013-11-27,77.9943,
1571,2013-11-29,79.4385,
1570,2013-12-02,78.7471,
1569,2013-12-03,80.9031,
1568,2013-12-04,80.7143,
1567,2013-12-05,81.1287,
1566,2013-12-06,80.0028,
1565,2013-12-09,80.9185,
1564,2013-12-10,80.7928,
1563,2013-12-11,80.1943,
1562,2013-12-12,80.0771,
1561,2013-12-13,79.2043,
1560,2013-12-16,79.6428,
1559,2013-12-17,79.2843,
1558,2013-12-18,78.6814,
1557,2013-12-19,77.78,
1556,2013-12-20,78.4314,
1555,2013-12-23,81.4414,
1554,2013-12-24,81.0957,
1553,2013-12-26,80.5571,
1552,2013-12-27,80.0128,
1551,2013-12-30,79.2171,
1550,2013-12-31,80.1457,
1549,2014-01-02,79.0185,
1548,2014-01-03,77.2828,
1547,2014-01-06,77.7043,
1546,2014-01-07,77.1482,
1545,2014-01-08,77.6371,
1544,2014-01-09,76.6455,
1543,2014-01-10,76.1343,
1542,2014-01-13,76.5328,
1541,2014-01-14,78.0557,
1540,2014-01-15,79.6228,
1539,2014-01-16,79.1785,
1538,2014-01-17,77.2385,
1537,2014-01-21,78.4385,
1536,2014-01-22,78.7871,
1535,2014-01-23,79.4543,
1534,2014-01-24,78.01,
1533,2014-01-27,78.6428,
1532,2014-01-28,72.3571,
1531,2014-01-29,71.5357,
1530,2014-01-30,71.3974,
1529,2014-01-31,71.5143,
1528,2014-02-03,71.6471,
1527,2014-02-04,72.6843,
1526,2014-02-05,73.2271,
1525,2014-02-06,73.2157,
1524,2014-02-07,74.24,
1523,2014-02-10,75.57,
1522,2014-02-11,76.5657,
1521,2014-02-12,76.56,
1520,2014-02-13,77.7757,
1519,2014-02-14,77.7128,
1518,2014-02-18,77.9985,
1517,2014-02-19,76.7671,
1516,2014-02-20,75.8785,
1515,2014-02-21,75.0357,
1514,2014-02-24,75.3643,
1513,2014-02-25,74.58,
1512,2014-02-26,73.9071,
1511,2014-02-27,75.3814,
1510,2014-02-28,75.1771,
1509,2014-03-03,75.3943,
1508,2014-03-04,75.8914,
1507,2014-03-05,76.0514,
1506,2014-03-06,75.8214,
1505,2014-03-07,75.7771,
1504,2014-03-10,75.8457,
1503,2014-03-11,76.5843,
1502,2014-03-12,76.6585,
1501,2014-03-13,75.8071,
1500,2014-03-14,74.9557,
1499,2014-03-17,75.2485,
1498,2014-03-18,75.9143,
1497,2014-03-19,75.8943,
1496,2014-03-20,75.5285,
1495,2014-03-21,76.1243,
1494,2014-03-24,77.0271,
1493,2014-03-25,77.8557,
1492,2014-03-26,77.1114,
1491,2014-03-27,76.78,
1490,2014-03-28,76.6943,
1489,2014-03-31,76.6771,
1488,2014-04-01,77.3785,
1487,2014-04-02,77.5071,
1486,2014-04-03,76.97,
1485,2014-04-04,75.9743,
1484,2014-04-07,74.7814,
1483,2014-04-08,74.7771,
1482,2014-04-09,75.76,
1481,2014-04-10,74.7828,
1480,2014-04-11,74.23,
1479,2014-04-14,74.5257,
1478,2014-04-15,73.9942,
1477,2014-04-16,74.1443,
1476,2014-04-17,74.9914,
1475,2014-04-21,75.8814,
1474,2014-04-22,75.957,
1473,2014-04-23,74.9643,
1472,2014-04-24,81.11,
1471,2014-04-25,81.7057,
1470,2014-04-28,84.87,
1469,2014-04-29,84.6185,
1468,2014-04-30,84.2985,
1467,2014-05-01,84.4971,
1466,2014-05-02,84.6543,
1465,2014-05-05,85.8514,
1464,2014-05-06,84.9157,
1463,2014-05-07,84.6185,
1462,2014-05-08,83.9985,
1461,2014-05-09,83.6489,
1460,2014-05-12,84.69,
1459,2014-05-13,84.8228,
1458,2014-05-14,84.8385,
1457,2014-05-15,84.1171,
1456,2014-05-16,85.3585,
1455,2014-05-19,86.37,
1454,2014-05-20,86.3871,
1453,2014-05-21,86.6157,
1452,2014-05-22,86.7528,
1451,2014-05-23,87.7328,
1450,2014-05-27,89.3757,
1449,2014-05-28,89.1443,
1448,2014-05-29,90.7685,
1447,2014-05-30,90.4285,
1446,2014-06-02,89.8071,
1445,2014-06-03,91.0771,
1444,2014-06-04,92.1171,
1443,2014-06-05,92.4785,
1442,2014-06-06,92.2243,
1441,2014-06-09,93.7,
1440,2014-06-10,94.25,
1439,2014-06-11,93.86,
1438,2014-06-12,92.29,
1437,2014-06-13,91.28,
1436,2014-06-16,92.2,
1435,2014-06-17,92.08,
1434,2014-06-18,92.18,
1433,2014-06-19,91.86,
1432,2014-06-20,90.91,
1431,2014-06-23,90.83,
1430,2014-06-24,90.28,
1429,2014-06-25,90.36,
1428,2014-06-26,90.9,
1427,2014-06-27,91.98,
1426,2014-06-30,92.93,
1425,2014-07-01,93.52,
1424,2014-07-02,93.48,
1423,2014-07-03,94.03,
1422,2014-07-07,95.968,
1421,2014-07-08,95.35,
1420,2014-07-09,95.39,
1419,2014-07-10,95.035,
1418,2014-07-11,95.22,
1417,2014-07-14,96.45,
1416,2014-07-15,95.32,
1415,2014-07-16,94.78,
1414,2014-07-17,93.0899,
1413,2014-07-18,94.43,
1412,2014-07-21,93.939,
1411,2014-07-22,94.72,
1410,2014-07-23,97.19,
1409,2014-07-24,97.03,
1408,2014-07-25,97.671,
1407,2014-07-28,99.02,
1406,2014-07-29,98.38,
1405,2014-07-30,98.15,
1404,2014-07-31,95.6,
1403,2014-08-01,96.13,
1402,2014-08-04,95.59,
1401,2014-08-05,95.12,
1400,2014-08-06,94.96,
1399,2014-08-07,94.48,
1398,2014-08-08,94.74,
1397,2014-08-11,95.99,
1396,2014-08-12,95.97,
1395,2014-08-13,97.24,
1394,2014-08-14,97.5,
1393,2014-08-15,97.98,
1392,2014-08-18,99.16,
1391,2014-08-19,100.53,
1390,2014-08-20,100.57,
1389,2014-08-21,100.58,
1388,2014-08-22,101.32,
1387,2014-08-25,101.54,
1386,2014-08-26,100.889,
1385,2014-08-27,102.13,
1384,2014-08-28,102.25,
1383,2014-08-29,102.5,
1382,2014-09-02,103.3,
1381,2014-09-03,98.94,
1380,2014-09-04,98.12,
1379,2014-09-05,98.97,
1378,2014-09-08,98.36,
1377,2014-09-09,97.99,
1376,2014-09-10,101.0,
1375,2014-09-11,101.43,
1374,2014-09-12,101.66,
1373,2014-09-15,101.63,
1372,2014-09-16,100.86,
1371,2014-09-17,101.58,
1370,2014-09-18,101.79,
1369,2014-09-19,100.96,
1368,2014-09-22,101.06,
1367,2014-09-23,102.64,
1366,2014-09-24,101.75,
1365,2014-09-25,97.87,
1364,2014-09-26,100.75,
1363,2014-09-29,100.11,
1362,2014-09-30,100.75,
1361,2014-10-01,99.18,
1360,2014-10-02,99.9,
1359,2014-10-03,99.62,
1358,2014-10-06,99.62,
1357,2014-10-07,98.75,
1356,2014-10-08,100.8,
1355,2014-10-09,101.02,
1354,2014-10-10,100.73,
1353,2014-10-13,99.81,
1352,2014-10-14,98.75,
1351,2014-10-15,97.54,
1350,2014-10-16,96.26,
1349,2014-10-17,97.67,
1348,2014-10-20,99.76,
1347,2014-10-21,102.47,
1346,2014-10-22,102.99,
1345,2014-10-23,104.83,
1344,2014-10-24,105.22,
1343,2014-10-27,105.11,
1342,2014-10-28,106.74,
1341,2014-10-29,107.34,
1340,2014-10-30,106.98,
1339,2014-10-31,108.0,
1338,2014-11-03,109.4,
1337,2014-11-04,108.6,
1336,2014-11-05,108.86,
1335,2014-11-06,108.7,
1334,2014-11-07,109.01,
1333,2014-11-10,108.83,
1332,2014-11-11,109.7,
1331,2014-11-12,111.25,
1330,2014-11-13,112.82,
1329,2014-11-14,114.18,
1328,2014-11-17,113.99,
1327,2014-11-18,115.47,
1326,2014-11-19,114.67,
1325,2014-11-20,116.31,
1324,2014-11-21,116.47,
1323,2014-11-24,118.625,
1322,2014-11-25,117.6,
1321,2014-11-26,119.0,
1320,2014-11-28,118.93,
1319,2014-12-01,115.07,
1318,2014-12-02,114.63,
1317,2014-12-03,115.93,
1316,2014-12-04,115.49,
1315,2014-12-05,115.0,
1314,2014-12-08,112.4,
1313,2014-12-09,114.12,
1312,2014-12-10,111.95,
1311,2014-12-11,111.62,
1310,2014-12-12,109.73,
1309,2014-12-15,108.225,
1308,2014-12-16,106.745,
1307,2014-12-17,109.41,
1306,2014-12-18,112.65,
1305,2014-12-19,111.78,
1304,2014-12-22,112.94,
1303,2014-12-23,112.54,
1302,2014-12-24,112.01,
1301,2014-12-26,113.99,
1300,2014-12-29,113.91,
1299,2014-12-30,112.52,
1298,2014-12-31,110.38,
1297,2015-01-02,109.33,
1296,2015-01-05,106.25,
1295,2015-01-06,106.26,
1294,2015-01-07,107.75,
1293,2015-01-08,111.89,
1292,2015-01-09,112.01,
1291,2015-01-12,109.25,
1290,2015-01-13,110.22,
1289,2015-01-14,109.8,
1288,2015-01-15,106.82,
1287,2015-01-16,105.99,
1286,2015-01-20,108.72,
1285,2015-01-21,109.55,
1284,2015-01-22,112.4,
1283,2015-01-23,112.98,
1282,2015-01-26,113.1,
1281,2015-01-27,109.14,
1280,2015-01-28,115.31,
1279,2015-01-29,118.9,
1278,2015-01-30,117.16,
1277,2015-02-02,118.63,
1276,2015-02-03,118.65,
1275,2015-02-04,119.56,
1274,2015-02-05,119.94,
1273,2015-02-06,118.93,
1272,2015-02-09,119.72,
1271,2015-02-10,122.02,
1270,2015-02-11,124.88,
1269,2015-02-12,126.46,
1268,2015-02-13,127.08,
1267,2015-02-17,127.83,
1266,2015-02-18,128.715,
1265,2015-02-19,128.45,
1264,2015-02-20,129.495,
1263,2015-02-23,133.0,
1262,2015-02-24,132.17,
1261,2015-02-25,128.79,
1260,2015-02-26,130.415,
1259,2015-02-27,128.46,
1258,2015-03-02,129.09,
1257,2015-03-03,129.36,
1256,2015-03-04,128.54,
1255,2015-03-05,126.41,
1254,2015-03-06,126.6,
1253,2015-03-09,127.14,
1252,2015-03-10,124.51,
1251,2015-03-11,122.24,
1250,2015-03-12,124.45,
1249,2015-03-13,123.59,
1248,2015-03-16,124.95,
1247,2015-03-17,127.04,
1246,2015-03-18,128.47,
1245,2015-03-19,127.495,
1244,2015-03-20,125.9,
1243,2015-03-23,127.21,
1242,2015-03-24,126.69,
1241,2015-03-25,123.38,
1240,2015-03-26,124.24,
1239,2015-03-27,123.25,
1238,2015-03-30,126.37,
1237,2015-03-31,124.43,
1236,2015-04-01,124.25,
1235,2015-04-02,125.32,
1234,2015-04-06,127.35,
1233,2015-04-07,126.01,
1232,2015-04-08,125.6,
1231,2015-04-09,126.56,
1230,2015-04-10,127.1,
1229,2015-04-13,126.85,
1228,2015-04-14,126.3,
1227,2015-04-15,126.78,
1226,2015-04-16,126.17,
1225,2015-04-17,124.75,
1224,2015-04-20,127.6,
1223,2015-04-21,126.91,
1222,2015-04-22,128.62,
1221,2015-04-23,129.67,
1220,2015-04-24,130.28,
1219,2015-04-27,132.65,
1218,2015-04-28,130.56,
1217,2015-04-29,128.64,
1216,2015-04-30,125.15,
1215,2015-05-01,128.95,
1214,2015-05-04,128.7,
1213,2015-05-05,125.8,
1212,2015-05-06,125.01,
1211,2015-05-07,125.26,
1210,2015-05-08,127.62,
1209,2015-05-11,126.32,
1208,2015-05-12,125.865,
1207,2015-05-13,126.01,
1206,2015-05-14,128.95,
1205,2015-05-15,128.77,
1204,2015-05-18,130.19,
1203,2015-05-19,130.07,
1202,2015-05-20,130.06,
1201,2015-05-21,131.39,
1200,2015-05-22,132.54,
1199,2015-05-26,129.62,
1198,2015-05-27,132.045,
1197,2015-05-28,131.78,
1196,2015-05-29,130.28,
1195,2015-06-01,130.535,
1194,2015-06-02,129.96,
1193,2015-06-03,130.12,
1192,2015-06-04,129.36,
1191,2015-06-05,128.65,
1190,2015-06-08,127.8,
1189,2015-06-09,127.42,
1188,2015-06-10,128.88,
1187,2015-06-11,128.59,
1186,2015-06-12,127.17,
1185,2015-06-15,126.92,
1184,2015-06-16,127.6,
1183,2015-06-17,127.3,
1182,2015-06-18,127.88,
1181,2015-06-19,126.6,
1180,2015-06-22,127.61,
1179,2015-06-23,127.03,
1178,2015-06-24,128.11,
1177,2015-06-25,127.5,
1176,2015-06-26,126.75,
1175,2015-06-29,124.53,
1174,2015-06-30,125.425,
1173,2015-07-01,126.6,
1172,2015-07-02,126.44,
1171,2015-07-06,126.0,
1170,2015-07-07,125.69,
1169,2015-07-08,122.57,
1168,2015-07-09,120.07,
1167,2015-07-10,123.28,
1166,2015-07-13,125.66,
1165,2015-07-14,125.61,
1164,2015-07-15,126.82,
1163,2015-07-16,128.51,
1162,2015-07-17,129.62,
1161,2015-07-20,132.07,
1160,2015-07-21,130.75,
1159,2015-07-22,125.22,
1158,2015-07-23,125.16,
1157,2015-07-24,124.5,
1156,2015-07-27,122.77,
1155,2015-07-28,123.38,
1154,2015-07-29,122.99,
1153,2015-07-30,122.37,
1152,2015-07-31,121.3,
1151,2015-08-03,118.44,
1150,2015-08-04,114.64,
1149,2015-08-05,115.4,
1148,2015-08-06,115.13,
1147,2015-08-07,115.52,
1146,2015-08-10,119.72,
1145,2015-08-11,113.49,
1144,2015-08-12,115.24,
1143,2015-08-13,115.15,
1142,2015-08-14,115.96,
1141,2015-08-17,117.16,
1140,2015-08-18,116.5,
1139,2015-08-19,115.01,
1138,2015-08-20,112.65,
1137,2015-08-21,105.76,
1136,2015-08-24,103.12,
1135,2015-08-25,103.74,
1134,2015-08-26,109.69,
1133,2015-08-27,112.92,
1132,2015-08-28,113.29,
1131,2015-08-31,112.76,
1130,2015-09-01,107.72,
1129,2015-09-02,112.34,
1128,2015-09-03,110.37,
1127,2015-09-04,109.27,
1126,2015-09-08,112.31,
1125,2015-09-09,110.15,
1124,2015-09-10,112.57,
1123,2015-09-11,114.21,
1122,2015-09-14,115.31,
1121,2015-09-15,116.28,
1120,2015-09-16,116.41,
1119,2015-09-17,113.92,
1118,2015-09-18,113.45,
1117,2015-09-21,115.21,
1116,2015-09-22,113.4,
1115,2015-09-23,114.32,
1114,2015-09-24,115.0,
1113,2015-09-25,114.71,
1112,2015-09-28,112.44,
1111,2015-09-29,109.06,
1110,2015-09-30,110.3,
1109,2015-10-01,109.58,
1108,2015-10-02,110.38,
1107,2015-10-05,110.78,
1106,2015-10-06,111.31,
1105,2015-10-07,110.78,
1104,2015-10-08,109.5,
1103,2015-10-09,112.12,
1102,2015-10-12,111.6,
1101,2015-10-13,111.79,
1100,2015-10-14,110.21,
1099,2015-10-15,111.86,
1098,2015-10-16,111.04,
1097,2015-10-19,111.73,
1096,2015-10-20,113.77,
1095,2015-10-21,113.76,
1094,2015-10-22,115.5,
1093,2015-10-23,119.08,
1092,2015-10-26,115.28,
1091,2015-10-27,114.55,
1090,2015-10-28,119.27,
1089,2015-10-29,120.53,
1088,2015-10-30,119.5,
1087,2015-11-02,121.18,
1086,2015-11-03,122.57,
1085,2015-11-04,122.0,
1084,2015-11-05,120.92,
1083,2015-11-06,121.06,
1082,2015-11-09,120.57,
1081,2015-11-10,116.77,
1080,2015-11-11,116.11,
1079,2015-11-12,115.72,
1078,2015-11-13,112.34,
1077,2015-11-16,114.175,
1076,2015-11-17,113.69,
1075,2015-11-18,117.29,
1074,2015-11-19,118.78,
1073,2015-11-20,119.3,
1072,2015-11-23,117.75,
1071,2015-11-24,118.88,
1070,2015-11-25,118.03,
1069,2015-11-27,117.81,
1068,2015-11-30,118.3,
1067,2015-12-01,117.34,
1066,2015-12-02,116.28,
1065,2015-12-03,115.2,
1064,2015-12-04,119.03,
1063,2015-12-07,118.28,
1062,2015-12-08,118.23,
1061,2015-12-09,115.62,
1060,2015-12-10,116.17,
1059,2015-12-11,113.18,
1058,2015-12-14,112.48,
1057,2015-12-15,110.49,
1056,2015-12-16,111.34,
1055,2015-12-17,108.98,
1054,2015-12-18,106.03,
1053,2015-12-21,107.33,
1052,2015-12-22,107.23,
1051,2015-12-23,108.61,
1050,2015-12-24,108.03,
1049,2015-12-28,106.82,
1048,2015-12-29,108.74,
1047,2015-12-30,107.32,
1046,2015-12-31,105.26,
1045,2016-01-04,105.35,
1044,2016-01-05,102.71,
1043,2016-01-06,100.7,
1042,2016-01-07,96.45,
1041,2016-01-08,96.96,
1040,2016-01-11,98.53,
1039,2016-01-12,99.96,
1038,2016-01-13,97.39,
1037,2016-01-14,99.52,
1036,2016-01-15,97.13,
1035,2016-01-19,96.66,
1034,2016-01-20,96.79,
1033,2016-01-21,96.3,
1032,2016-01-22,101.42,
1031,2016-01-25,99.44,
1030,2016-01-26,99.99,
1029,2016-01-27,93.42,
1028,2016-01-28,94.09,
1027,2016-01-29,97.34,
1026,2016-02-01,96.43,
1025,2016-02-02,94.48,
1024,2016-02-03,96.35,
1023,2016-02-04,96.6,
1022,2016-02-05,94.02,
1021,2016-02-08,95.01,
1020,2016-02-09,94.99,
1019,2016-02-10,94.27,
1018,2016-02-11,93.7,
1017,2016-02-12,93.99,
1016,2016-02-16,96.64,
1015,2016-02-17,98.12,
1014,2016-02-18,96.26,
1013,2016-02-19,96.04,
1012,2016-02-22,96.88,
1011,2016-02-23,94.69,
1010,2016-02-24,96.1,
1009,2016-02-25,96.76,
1008,2016-02-26,96.91,
1007,2016-02-29,96.69,
1006,2016-03-01,100.53,
1005,2016-03-02,100.75,
1004,2016-03-03,101.5,
1003,2016-03-04,103.01,
1002,2016-03-07,101.87,
1001,2016-03-08,101.03,
1000,2016-03-09,101.12,
999,2016-03-10,101.17,
998,2016-03-11,102.26,
997,2016-03-14,102.52,
996,2016-03-15,104.58,
995,2016-03-16,105.97,
994,2016-03-17,105.8,
993,2016-03-18,105.92,
992,2016-03-21,105.91,
991,2016-03-22,106.72,
990,2016-03-23,106.13,
989,2016-03-24,105.67,
988,2016-03-28,105.19,
987,2016-03-29,107.68,
986,2016-03-30,109.56,
985,2016-03-31,108.99,
984,2016-04-01,109.99,
983,2016-04-04,111.12,
982,2016-04-05,109.81,
981,2016-04-06,110.96,
980,2016-04-07,108.54,
979,2016-04-08,108.66,
978,2016-04-11,109.02,
977,2016-04-12,110.44,
976,2016-04-13,112.04,
975,2016-04-14,112.1,
974,2016-04-15,109.85,
973,2016-04-18,107.48,
972,2016-04-19,106.91,
971,2016-04-20,107.13,
970,2016-04-21,105.97,
969,2016-04-22,105.68,
968,2016-04-25,105.08,
967,2016-04-26,104.35,
966,2016-04-27,97.82,
965,2016-04-28,94.83,
964,2016-04-29,93.74,
963,2016-05-02,93.64,
962,2016-05-03,95.18,
961,2016-05-04,94.19,
960,2016-05-05,93.24,
959,2016-05-06,92.72,
958,2016-05-09,92.79,
957,2016-05-10,93.42,
956,2016-05-11,92.51,
955,2016-05-12,90.34,
954,2016-05-13,90.52,
953,2016-05-16,93.88,
952,2016-05-17,93.49,
951,2016-05-18,94.56,
950,2016-05-19,94.2,
949,2016-05-20,95.22,
948,2016-05-23,96.43,
947,2016-05-24,97.9,
946,2016-05-25,99.62,
945,2016-05-26,100.41,
944,2016-05-27,100.35,
943,2016-05-31,99.86,
942,2016-06-01,98.46,
941,2016-06-02,97.72,
940,2016-06-03,97.92,
939,2016-06-06,98.63,
938,2016-06-07,99.03,
937,2016-06-08,98.94,
936,2016-06-09,99.65,
935,2016-06-10,98.83,
934,2016-06-13,97.34,
933,2016-06-14,97.46,
932,2016-06-15,97.14,
931,2016-06-16,97.55,
930,2016-06-17,95.33,
929,2016-06-20,95.1,
928,2016-06-21,95.91,
927,2016-06-22,95.55,
926,2016-06-23,96.1,
925,2016-06-24,93.4,
924,2016-06-27,92.04,
923,2016-06-28,93.59,
922,2016-06-29,94.4,
921,2016-06-30,95.6,
920,2016-07-01,95.89,
919,2016-07-05,94.99,
918,2016-07-06,95.53,
917,2016-07-07,95.94,
916,2016-07-08,96.68,
915,2016-07-11,96.98,
914,2016-07-12,97.42,
913,2016-07-13,96.87,
912,2016-07-14,98.79,
911,2016-07-15,98.78,
910,2016-07-18,99.83,
909,2016-07-19,99.87,
908,2016-07-20,99.96,
907,2016-07-21,99.43,
906,2016-07-22,98.66,
905,2016-07-25,97.34,
904,2016-07-26,96.67,
903,2016-07-27,102.95,
902,2016-07-28,104.34,
901,2016-07-29,104.21,
900,2016-08-01,106.05,
899,2016-08-02,104.48,
898,2016-08-03,105.79,
897,2016-08-04,105.87,
896,2016-08-05,107.48,
895,2016-08-08,108.37,
894,2016-08-09,108.81,
893,2016-08-10,108.0,
892,2016-08-11,107.93,
891,2016-08-12,108.18,
890,2016-08-15,109.48,
889,2016-08-16,109.38,
888,2016-08-17,109.22,
887,2016-08-18,109.08,
886,2016-08-19,109.36,
885,2016-08-22,108.51,
884,2016-08-23,108.85,
883,2016-08-24,108.03,
882,2016-08-25,107.57,
881,2016-08-26,106.94,
880,2016-08-29,106.82,
879,2016-08-30,106.0,
878,2016-08-31,106.1,
877,2016-09-01,106.73,
876,2016-09-02,107.73,
875,2016-09-06,107.7,
874,2016-09-07,108.36,
873,2016-09-08,105.52,
872,2016-09-09,103.13,
871,2016-09-12,105.44,
870,2016-09-13,107.95,
869,2016-09-14,111.77,
868,2016-09-15,115.57,
867,2016-09-16,114.92,
866,2016-09-19,113.58,
865,2016-09-20,113.57,
864,2016-09-21,113.55,
863,2016-09-22,114.62,
862,2016-09-23,112.71,
861,2016-09-26,112.88,
860,2016-09-27,113.09,
859,2016-09-28,113.95,
858,2016-09-29,112.18,
857,2016-09-30,113.05,
856,2016-10-03,112.52,
855,2016-10-04,113.0,
854,2016-10-05,113.05,
853,2016-10-06,113.89,
852,2016-10-07,114.06,
851,2016-10-10,116.05,
850,2016-10-11,116.3,
849,2016-10-12,117.34,
848,2016-10-13,116.98,
847,2016-10-14,117.63,
846,2016-10-17,117.55,
845,2016-10-18,117.47,
844,2016-10-19,117.12,
843,2016-10-20,117.06,
842,2016-10-21,116.6,
841,2016-10-24,117.65,
840,2016-10-25,118.25,
839,2016-10-26,115.59,
838,2016-10-27,114.48,
837,2016-10-28,113.72,
836,2016-10-31,113.54,
835,2016-11-01,111.49,
834,2016-11-02,111.59,
833,2016-11-03,109.83,
832,2016-11-04,108.84,
831,2016-11-07,110.41,
830,2016-11-08,111.06,
829,2016-11-09,110.88,
828,2016-11-10,107.79,
827,2016-11-11,108.43,
826,2016-11-14,105.71,
825,2016-11-15,107.11,
824,2016-11-16,109.99,
823,2016-11-17,109.95,
822,2016-11-18,110.06,
821,2016-11-21,111.73,
820,2016-11-22,111.8,
819,2016-11-23,111.23,
818,2016-11-25,111.79,
817,2016-11-28,111.57,
816,2016-11-29,111.46,
815,2016-11-30,110.52,
814,2016-12-01,109.49,
813,2016-12-02,109.9,
812,2016-12-05,109.11,
811,2016-12-06,109.95,
810,2016-12-07,111.03,
809,2016-12-08,112.12,
808,2016-12-09,113.95,
807,2016-12-12,113.3,
806,2016-12-13,115.19,
805,2016-12-14,115.19,
804,2016-12-15,115.82,
803,2016-12-16,115.97,
802,2016-12-19,116.64,
801,2016-12-20,116.95,
800,2016-12-21,117.06,
799,2016-12-22,116.29,
798,2016-12-23,116.52,
797,2016-12-27,117.26,
796,2016-12-28,116.76,
795,2016-12-29,116.73,
794,2016-12-30,115.82,
793,2017-01-03,116.15,
792,2017-01-04,116.02,
791,2017-01-05,116.61,
790,2017-01-06,117.91,
789,2017-01-09,118.99,
788,2017-01-10,119.11,
787,2017-01-11,119.75,
786,2017-01-12,119.25,
785,2017-01-13,119.04,
784,2017-01-17,120.0,
783,2017-01-18,119.99,
782,2017-01-19,119.78,
781,2017-01-20,120.0,
780,2017-01-23,120.08,
779,2017-01-24,119.97,
778,2017-01-25,121.88,
777,2017-01-26,121.94,
776,2017-01-27,121.95,
775,2017-01-30,121.63,
774,2017-01-31,121.35,
773,2017-02-01,128.75,
772,2017-02-02,128.53,
771,2017-02-03,129.08,
770,2017-02-06,130.29,
769,2017-02-07,131.53,
768,2017-02-08,132.04,
767,2017-02-09,132.42,
766,2017-02-10,132.12,
765,2017-02-13,133.29,
764,2017-02-14,135.02,
763,2017-02-15,135.51,
762,2017-02-16,135.345,
761,2017-02-17,135.72,
760,2017-02-21,136.7,
759,2017-02-22,137.11,
758,2017-02-23,136.53,
757,2017-02-24,136.66,
756,2017-02-27,136.93,
755,2017-02-28,136.99,
754,2017-03-01,139.79,
753,2017-03-02,138.96,
752,2017-03-03,139.78,
751,2017-03-06,139.34,
750,2017-03-07,139.52,
749,2017-03-08,139.0,
748,2017-03-09,138.68,
747,2017-03-10,139.14,
746,2017-03-13,139.2,
745,2017-03-14,138.99,
744,2017-03-15,140.46,
743,2017-03-16,140.69,
742,2017-03-17,139.99,
741,2017-03-20,141.46,
740,2017-03-21,139.84,
739,2017-03-22,141.42,
738,2017-03-23,140.92,
737,2017-03-24,140.64,
736,2017-03-27,140.88,
735,2017-03-28,143.8,
734,2017-03-29,144.12,
733,2017-03-30,143.93,
732,2017-03-31,143.66,
731,2017-04-03,143.7,
730,2017-04-04,144.77,
729,2017-04-05,144.02,
728,2017-04-06,143.66,
727,2017-04-07,143.34,
726,2017-04-10,143.17,
725,2017-04-11,141.63,
724,2017-04-12,141.8,
723,2017-04-13,141.05,
722,2017-04-17,141.83,
721,2017-04-18,141.2,
720,2017-04-19,140.68,
719,2017-04-20,142.44,
718,2017-04-21,142.27,
717,2017-04-24,143.64,
716,2017-04-25,144.53,
715,2017-04-26,143.68,
714,2017-04-27,143.79,
713,2017-04-28,143.65,
712,2017-05-01,146.58,
711,2017-05-02,147.51,
710,2017-05-03,147.06,
709,2017-05-04,146.53,
708,2017-05-05,148.96,
707,2017-05-08,153.01,
706,2017-05-09,153.99,
705,2017-05-10,153.26,
704,2017-05-11,153.95,
703,2017-05-12,156.1,
702,2017-05-15,155.7,
701,2017-05-16,155.47,
700,2017-05-17,150.25,
699,2017-05-18,152.54,
698,2017-05-19,153.06,
697,2017-05-22,153.99,
696,2017-05-23,153.8,
695,2017-05-24,153.34,
694,2017-05-25,153.87,
693,2017-05-26,153.61,
692,2017-05-30,153.67,
691,2017-05-31,152.76,
690,2017-06-01,153.18,
689,2017-06-02,155.45,
688,2017-06-05,153.93,
687,2017-06-06,154.45,
686,2017-06-07,155.37,
685,2017-06-08,154.99,
684,2017-06-09,148.98,
683,2017-06-12,145.42,
682,2017-06-13,146.59,
681,2017-06-14,145.16,
680,2017-06-15,144.29,
679,2017-06-16,142.27,
678,2017-06-19,146.34,
677,2017-06-20,145.01,
676,2017-06-21,145.87,
675,2017-06-22,145.63,
674,2017-06-23,146.28,
673,2017-06-26,145.82,
672,2017-06-27,143.73,
671,2017-06-28,145.83,
670,2017-06-29,143.68,
669,2017-06-30,144.02,
668,2017-07-03,143.5,
667,2017-07-05,144.09,
666,2017-07-06,142.73,
665,2017-07-07,144.18,
664,2017-07-10,145.06,
663,2017-07-11,145.53,
662,2017-07-12,145.74,
661,2017-07-13,147.77,
660,2017-07-14,149.04,
659,2017-07-17,149.56,
658,2017-07-18,150.08,
657,2017-07-19,151.02,
656,2017-07-20,150.34,
655,2017-07-21,150.27,
654,2017-07-24,152.09,
653,2017-07-25,152.74,
652,2017-07-26,153.46,
651,2017-07-27,150.56,
650,2017-07-28,149.5,
649,2017-07-31,148.73,
648,2017-08-01,150.05,
647,2017-08-02,157.14,
646,2017-08-03,155.57,
645,2017-08-04,156.39,
644,2017-08-07,158.81,
643,2017-08-08,160.08,
642,2017-08-09,161.06,
641,2017-08-10,155.32,
640,2017-08-11,157.48,
639,2017-08-14,159.85,
638,2017-08-15,161.6,
637,2017-08-16,160.95,
636,2017-08-17,157.86,
635,2017-08-18,157.5,
634,2017-08-21,157.21,
633,2017-08-22,159.78,
632,2017-08-23,159.98,
631,2017-08-24,159.27,
630,2017-08-25,159.86,
629,2017-08-28,161.47,
628,2017-08-29,162.91,
627,2017-08-30,163.35,
626,2017-08-31,164.0,
625,2017-09-01,164.05,
624,2017-09-05,162.08,
623,2017-09-06,161.91,
622,2017-09-07,161.26,
621,2017-09-08,158.63,
620,2017-09-11,161.5,
619,2017-09-12,160.86,
618,2017-09-13,159.65,
617,2017-09-14,158.28,
616,2017-09-15,159.88,
615,2017-09-18,158.67,
614,2017-09-19,158.73,
613,2017-09-20,156.07,
612,2017-09-21,153.39,
611,2017-09-22,151.89,
610,2017-09-25,150.55,
609,2017-09-26,153.14,
608,2017-09-27,154.23,
607,2017-09-28,153.28,
606,2017-09-29,154.12,
605,2017-10-02,153.81,
604,2017-10-03,154.48,
603,2017-10-04,153.48,
602,2017-10-05,155.39,
601,2017-10-06,155.3,
600,2017-10-09,155.84,
599,2017-10-10,155.9,
598,2017-10-11,156.55,
597,2017-10-12,156.0,
596,2017-10-13,156.99,
595,2017-10-16,159.88,
594,2017-10-17,160.47,
593,2017-10-18,159.76,
592,2017-10-19,155.98,
591,2017-10-20,156.25,
590,2017-10-23,156.17,
589,2017-10-24,157.1,
588,2017-10-25,156.41,
587,2017-10-26,157.41,
586,2017-10-27,163.05,
585,2017-10-30,166.72,
584,2017-10-31,169.04,
583,2017-11-01,166.89,
582,2017-11-02,168.11,
581,2017-11-03,172.5,
580,2017-11-06,174.25,
579,2017-11-07,174.81,
578,2017-11-08,176.24,
577,2017-11-09,175.88,
576,2017-11-10,174.67,
575,2017-11-13,173.97,
574,2017-11-14,171.34,
573,2017-11-15,169.08,
572,2017-11-16,171.1,
571,2017-11-17,170.15,
570,2017-11-20,169.98,
569,2017-11-21,173.14,
568,2017-11-22,174.96,
567,2017-11-24,174.97,
566,2017-11-27,174.09,
565,2017-11-28,173.07,
564,2017-11-29,169.48,
563,2017-11-30,171.85,
562,2017-12-01,171.05,
561,2017-12-04,169.8,
560,2017-12-05,169.64,
559,2017-12-06,169.01,
558,2017-12-07,169.32,
557,2017-12-08,169.37,
556,2017-12-11,172.67,
555,2017-12-12,171.7,
554,2017-12-13,172.27,
553,2017-12-14,172.22,
552,2017-12-15,173.97,
551,2017-12-18,176.42,
550,2017-12-19,174.54,
549,2017-12-20,174.35,
548,2017-12-21,175.01,
547,2017-12-22,175.01,
546,2017-12-26,170.57,
545,2017-12-27,170.6,
544,2017-12-28,171.08,
543,2017-12-29,169.23,
542,2018-01-02,172.26,
541,2018-01-03,172.23,
540,2018-01-04,173.03,
539,2018-01-05,175.0,
538,2018-01-08,174.35,
537,2018-01-09,174.33,
536,2018-01-10,174.29,
535,2018-01-11,175.28,
534,2018-01-12,177.09,
533,2018-01-16,176.19,
532,2018-01-17,179.1,
531,2018-01-18,179.26,
530,2018-01-19,178.46,
529,2018-01-22,177.0,
528,2018-01-23,177.04,
527,2018-01-24,174.22,
526,2018-01-25,171.11,
525,2018-01-26,171.51,
524,2018-01-29,167.96,
523,2018-01-30,166.97,
522,2018-01-31,167.43,
521,2018-02-01,167.78,
520,2018-02-02,160.5,
519,2018-02-05,156.49,
518,2018-02-06,163.03,
517,2018-02-07,159.54,
516,2018-02-08,155.15,
515,2018-02-09,156.41,
514,2018-02-12,162.71,
513,2018-02-13,164.34,
512,2018-02-14,167.37,
511,2018-02-15,172.99,
510,2018-02-16,172.43,
509,2018-02-20,171.85,
508,2018-02-21,171.07,
507,2018-02-22,172.5,
506,2018-02-23,175.5,
505,2018-02-26,178.97,
504,2018-02-27,178.39,
503,2018-02-28,178.12,
502,2018-03-01,175.0,
501,2018-03-02,176.21,
500,2018-03-05,176.82,
499,2018-03-06,176.67,
498,2018-03-07,175.03,
497,2018-03-08,176.94,
496,2018-03-09,179.98,
495,2018-03-12,181.72,
494,2018-03-13,179.97,
493,2018-03-14,178.44,
492,2018-03-15,178.65,
491,2018-03-16,178.02,
490,2018-03-19,175.3,
489,2018-03-20,175.24,
488,2018-03-21,171.27,
487,2018-03-22,168.85,
486,2018-03-23,164.94,
485,2018-03-26,172.77,
484,2018-03-27,168.34,
483,2018-03-28,166.48,
482,2018-03-29,167.78,
481,2018-04-02,166.68,
480,2018-04-03,168.39,
479,2018-04-04,171.61,
478,2018-04-05,172.8,
477,2018-04-06,168.38,
476,2018-04-09,170.05,
475,2018-04-10,173.25,
474,2018-04-11,172.44,
473,2018-04-12,174.14,
472,2018-04-13,174.73,
471,2018-04-16,175.82,
470,2018-04-17,178.24,
469,2018-04-18,177.84,
468,2018-04-19,172.8,
467,2018-04-20,165.72,
466,2018-04-23,165.24,
465,2018-04-24,162.94,
464,2018-04-25,163.65,
463,2018-04-26,164.22,
462,2018-04-27,162.32,
461,2018-04-30,165.26,
460,2018-05-01,169.1,
459,2018-05-02,176.57,
458,2018-05-03,176.89,
457,2018-05-04,183.83,
456,2018-05-07,185.16,
455,2018-05-08,186.05,
454,2018-05-09,187.36,
453,2018-05-10,190.04,
452,2018-05-11,188.59,
451,2018-05-14,188.15,
450,2018-05-15,186.44,
449,2018-05-16,188.18,
448,2018-05-17,186.99,
447,2018-05-18,186.31,
446,2018-05-21,187.63,
445,2018-05-22,187.16,
444,2018-05-23,188.36,
443,2018-05-24,188.15,
442,2018-05-25,188.58,
441,2018-05-29,187.9,
440,2018-05-30,187.5,
439,2018-05-31,186.87,
438,2018-06-01,190.24,
437,2018-06-04,191.83,
436,2018-06-05,193.31,
435,2018-06-06,193.98,
434,2018-06-07,193.46,
433,2018-06-08,191.7,
432,2018-06-11,191.23,
431,2018-06-12,192.28,
430,2018-06-13,190.7,
429,2018-06-14,190.8,
428,2018-06-15,188.84,
427,2018-06-18,188.74,
426,2018-06-19,185.69,
425,2018-06-20,186.5,
424,2018-06-21,185.46,
423,2018-06-22,184.92,
422,2018-06-25,182.17,
421,2018-06-26,184.43,
420,2018-06-27,184.16,
419,2018-06-28,185.5,
418,2018-06-29,185.11,
417,2018-07-02,187.18,
416,2018-07-03,183.92,
415,2018-07-05,185.4,
414,2018-07-06,187.97,
413,2018-07-09,190.58,
412,2018-07-10,190.35,
411,2018-07-11,187.88,
410,2018-07-12,191.03,
409,2018-07-13,191.33,
408,2018-07-16,190.91,
407,2018-07-17,191.45,
406,2018-07-18,190.4,
405,2018-07-19,191.88,
404,2018-07-20,191.44,
403,2018-07-23,191.61,
402,2018-07-24,193.0,
401,2018-07-25,194.82,
400,2018-07-26,194.21,
399,2018-07-27,190.98,
398,2018-07-30,189.91,
397,2018-07-31,190.29,
396,2018-08-01,201.5,
395,2018-08-02,207.39,
394,2018-08-03,207.99,
393,2018-08-06,209.07,
392,2018-08-07,207.11,
391,2018-08-08,207.25,
390,2018-08-09,208.88,
389,2018-08-10,207.53,
388,2018-08-13,208.87,
387,2018-08-14,209.75,
386,2018-08-15,210.24,
385,2018-08-16,213.32,
384,2018-08-17,217.58,
383,2018-08-20,215.46,
382,2018-08-21,215.04,
381,2018-08-22,215.05,
380,2018-08-23,215.49,
379,2018-08-24,216.16,
378,2018-08-27,217.94,
377,2018-08-28,219.7,
376,2018-08-29,222.98,
375,2018-08-30,225.03,
374,2018-08-31,227.63,
373,2018-09-04,228.36,
372,2018-09-05,226.87,
371,2018-09-06,223.1,
370,2018-09-07,221.3,
369,2018-09-10,218.33,
368,2018-09-11,223.85,
367,2018-09-12,221.07,
366,2018-09-13,226.41,
365,2018-09-14,223.84,
364,2018-09-17,217.88,
363,2018-09-18,218.24,
362,2018-09-19,218.37,
361,2018-09-20,220.03,
360,2018-09-21,217.66,
359,2018-09-24,220.79,
358,2018-09-25,222.19,
357,2018-09-26,220.42,
356,2018-09-27,224.95,
355,2018-09-28,225.74,
354,2018-10-01,227.26,
353,2018-10-02,229.28,
352,2018-10-03,232.07,
351,2018-10-04,227.99,
350,2018-10-05,224.29,
349,2018-10-08,223.77,
348,2018-10-09,226.87,
347,2018-10-10,216.36,
346,2018-10-11,214.45,
345,2018-10-12,222.11,
344,2018-10-15,217.36,
343,2018-10-16,222.15,
342,2018-10-17,221.19,
341,2018-10-18,216.02,
340,2018-10-19,219.31,
339,2018-10-22,220.65,
338,2018-10-23,222.73,
337,2018-10-24,215.09,
336,2018-10-25,219.8,
335,2018-10-26,216.3,
334,2018-10-29,212.24,
333,2018-10-30,213.3,
332,2018-10-31,218.86,
331,2018-11-01,222.22,
330,2018-11-02,207.48,
329,2018-11-05,201.59,
328,2018-11-06,203.77,
327,2018-11-07,209.95,
326,2018-11-08,208.49,
325,2018-11-09,204.47,
324,2018-11-12,194.17,
323,2018-11-13,192.23,
322,2018-11-14,186.8,
321,2018-11-15,191.41,
320,2018-11-16,193.53,
319,2018-11-19,185.86,
318,2018-11-20,176.98,
317,2018-11-21,176.78,
316,2018-11-23,172.29,
315,2018-11-26,174.62,
314,2018-11-27,174.24,
313,2018-11-28,180.94,
312,2018-11-29,179.55,
311,2018-11-30,178.58,
310,2018-12-03,184.82,
309,2018-12-04,176.69,
308,2018-12-06,174.72,
307,2018-12-07,168.49,
306,2018-12-10,169.6,
305,2018-12-11,168.63,
304,2018-12-12,169.1,
303,2018-12-13,170.95,
302,2018-12-14,165.48,
301,2018-12-17,163.94,
300,2018-12-18,166.07,
299,2018-12-19,160.89,
298,2018-12-20,156.83,
297,2018-12-21,150.73,
296,2018-12-24,146.83,
295,2018-12-26,157.17,
294,2018-12-27,156.15,
293,2018-12-28,156.23,
292,2018-12-31,157.74,
291,2019-01-02,157.92,
290,2019-01-03,142.19,
289,2019-01-04,148.26,
288,2019-01-07,147.93,
287,2019-01-08,150.75,
286,2019-01-09,153.31,
285,2019-01-10,153.8,
284,2019-01-11,152.29,
283,2019-01-14,150.0,
282,2019-01-15,153.07,
281,2019-01-16,154.94,
280,2019-01-17,155.86,
279,2019-01-18,156.82,
278,2019-01-22,153.3,
277,2019-01-23,153.92,
276,2019-01-24,152.7,
275,2019-01-25,157.76,
274,2019-01-28,156.3,
273,2019-01-29,154.68,
272,2019-01-30,165.25,
271,2019-01-31,166.44,
270,2019-02-01,166.52,
269,2019-02-04,171.25,
268,2019-02-05,174.18,
267,2019-02-06,174.24,
266,2019-02-07,170.94,
265,2019-02-08,170.41,
264,2019-02-11,169.43,
263,2019-02-12,170.89,
262,2019-02-13,170.18,
261,2019-02-14,170.8,
260,2019-02-15,170.42,
259,2019-02-19,170.93,
258,2019-02-20,172.03,
257,2019-02-21,171.06,
256,2019-02-22,172.97,
255,2019-02-25,174.23,
254,2019-02-26,174.33,
253,2019-02-27,174.87,
252,2019-02-28,173.15,
251,2019-03-01,174.97,
250,2019-03-04,175.85,
249,2019-03-05,175.53,
248,2019-03-06,174.52,
247,2019-03-07,172.5,
246,2019-03-08,172.91,
245,2019-03-11,178.9,
244,2019-03-12,180.91,
243,2019-03-13,181.71,
242,2019-03-14,183.73,
241,2019-03-15,186.12,
240,2019-03-18,188.02,
239,2019-03-19,186.53,
238,2019-03-20,188.16,
237,2019-03-21,195.09,
236,2019-03-22,191.05,
235,2019-03-25,188.74,
234,2019-03-26,186.79,
233,2019-03-27,188.47,
232,2019-03-28,188.72,
231,2019-03-29,189.95,
230,2019-04-01,191.24,
229,2019-04-02,194.02,
228,2019-04-03,195.35,
227,2019-04-04,195.69,
226,2019-04-05,197.0,
225,2019-04-08,200.1,
224,2019-04-09,199.5,
223,2019-04-10,200.62,
222,2019-04-11,198.95,
221,2019-04-12,198.87,
220,2019-04-15,199.23,
219,2019-04-16,199.25,
218,2019-04-17,203.13,
217,2019-04-18,203.86,
216,2019-04-22,204.53,
215,2019-04-23,207.48,
214,2019-04-24,207.16,
213,2019-04-25,205.28,
212,2019-04-26,204.3,
211,2019-04-29,204.61,
210,2019-04-30,200.67,
209,2019-05-01,210.52,
208,2019-05-02,209.15,
207,2019-05-03,211.75,
206,2019-05-06,208.48,
205,2019-05-07,202.86,
204,2019-05-08,202.9,
203,2019-05-09,200.72,
202,2019-05-10,197.18,
201,2019-05-13,185.72,
200,2019-05-14,188.66,
199,2019-05-15,190.92,
198,2019-05-16,190.08,
197,2019-05-17,189.0,
196,2019-05-20,183.09,
195,2019-05-21,186.6,
194,2019-05-22,182.78,
193,2019-05-23,179.66,
192,2019-05-24,178.97,
191,2019-05-28,178.23,
190,2019-05-29,177.38,
189,2019-05-30,178.3,
188,2019-05-31,175.07,
187,2019-06-03,173.3,
186,2019-06-04,179.64,
185,2019-06-05,182.54,
184,2019-06-06,185.22,
183,2019-06-07,190.15,
182,2019-06-10,192.58,
181,2019-06-11,194.81,
180,2019-06-12,194.19,
179,2019-06-13,194.15,
178,2019-06-14,192.74,
177,2019-06-17,193.89,
176,2019-06-18,198.45,
175,2019-06-19,197.87,
174,2019-06-20,199.46,
173,2019-06-21,198.78,
172,2019-06-24,198.58,
171,2019-06-25,195.57,
170,2019-06-26,199.8,
169,2019-06-27,199.74,
168,2019-06-28,197.92,
167,2019-07-01,201.55,
166,2019-07-02,202.73,
165,2019-07-03,204.41,
164,2019-07-05,204.23,
163,2019-07-08,200.02,
162,2019-07-09,201.24,
161,2019-07-10,203.23,
160,2019-07-11,201.75,
159,2019-07-12,203.3,
158,2019-07-15,205.21,
157,2019-07-16,204.5,
156,2019-07-17,203.35,
155,2019-07-18,205.66,
154,2019-07-19,202.59,
153,2019-07-22,207.22,
152,2019-07-23,208.84,
151,2019-07-24,208.67,
150,2019-07-25,207.02,
149,2019-07-26,207.74,
148,2019-07-29,209.68,
147,2019-07-30,208.78,
146,2019-07-31,213.04,
145,2019-08-01,208.43,
144,2019-08-02,204.02,
143,2019-08-05,193.34,
142,2019-08-06,197.0,
141,2019-08-07,199.04,
140,2019-08-08,203.43,
139,2019-08-09,200.99,
138,2019-08-12,200.48,
137,2019-08-13,208.97,
136,2019-08-14,202.75,
135,2019-08-15,201.74,
134,2019-08-16,206.5,
133,2019-08-19,210.35,
132,2019-08-20,210.36,
131,2019-08-21,212.64,
130,2019-08-22,212.46,
129,2019-08-23,202.64,
128,2019-08-26,206.49,
127,2019-08-27,204.16,
126,2019-08-28,205.53,
125,2019-08-29,209.01,
124,2019-08-30,208.74,
123,2019-09-03,205.7,
122,2019-09-04,209.19,
121,2019-09-05,213.28,
120,2019-09-06,213.26,
119,2019-09-09,214.17,
118,2019-09-10,216.7,
117,2019-09-11,223.59,
116,2019-09-12,223.085,
115,2019-09-13,218.75,
114,2019-09-16,219.9,
113,2019-09-17,220.7,
112,2019-09-18,222.77,
111,2019-09-19,220.96,
110,2019-09-20,217.73,
109,2019-09-23,218.72,
108,2019-09-24,217.68,
107,2019-09-25,221.03,
106,2019-09-26,219.89,
105,2019-09-27,218.82,
104,2019-09-30,223.97,
103,2019-10-01,224.59,
102,2019-10-02,218.96,
101,2019-10-03,220.82,
100,2019-10-04,227.01,
99,2019-10-07,227.06,
98,2019-10-08,224.4,
97,2019-10-09,227.03,
96,2019-10-10,230.09,
95,2019-10-11,236.21,
94,2019-10-14,235.87,
93,2019-10-15,235.32,
92,2019-10-16,234.37,
91,2019-10-17,235.28,
90,2019-10-18,236.41,
89,2019-10-21,240.51,
88,2019-10-22,239.96,
87,2019-10-23,243.18,
86,2019-10-24,243.58,
85,2019-10-25,246.58,
84,2019-10-28,249.05,
83,2019-10-29,243.29,
82,2019-10-30,243.26,
81,2019-10-31,248.76,
80,2019-11-01,255.82,
79,2019-11-04,257.5,
78,2019-11-05,257.13,
77,2019-11-06,257.24,
76,2019-11-07,259.43,
75,2019-11-08,260.14,
74,2019-11-11,262.2,
73,2019-11-12,261.96,
72,2019-11-13,264.47,
71,2019-11-14,262.64,
70,2019-11-15,265.76,
69,2019-11-18,267.1,
68,2019-11-19,266.29,
67,2019-11-20,263.19,
66,2019-11-21,262.01,
65,2019-11-22,261.78,
64,2019-11-25,266.37,
63,2019-11-26,264.29,
62,2019-11-27,267.84,
61,2019-11-29,267.25,
60,2019-12-02,264.16,
59,2019-12-03,259.45,
58,2019-12-04,261.74,
57,2019-12-05,265.58,
56,2019-12-06,270.71,
55,2019-12-09,266.92,
54,2019-12-10,268.48,
53,2019-12-11,270.77,
52,2019-12-12,271.46,
51,2019-12-13,275.15,
50,2019-12-16,279.86,
49,2019-12-17,280.41,89.16796209123582
48,2019-12-18,279.74,87.89768194506914
47,2019-12-19,280.02,88.58608182754405
46,2019-12-20,279.44,86.27179820040539
45,2019-12-23,284.0,83.75229322935269
44,2019-12-24,284.27,80.72741213550307
43,2019-12-26,289.91,79.44631778163165
42,2019-12-27,289.8,79.97970355286598
41,2019-12-30,291.52,78.85857180794105
40,2019-12-31,293.65,76.97081021508947
39,2020-01-02,300.35,76.63871917708293
38,2020-01-03,297.43,77.11711408063249
37,2020-01-06,299.8,77.65090023269653
36,2020-01-07,298.39,79.26431721740738
35,2020-01-08,303.19,80.14070505847522
34,2020-01-09,309.63,81.29643049214854
33,2020-01-10,310.33,83.97663079523483
32,2020-01-13,316.96,85.49905534843803
31,2020-01-14,312.68,87.01286648006588
30,2020-01-15,311.34,87.99694760529027
29,2020-01-16,315.24,87.68251911898442
28,2020-01-17,318.73,89.05213950611503
27,2020-01-21,316.57,89.62107935671546
26,2020-01-22,317.7,89.91959728455916
25,2020-01-23,319.23,90.58984984050524
24,2020-01-24,318.31,90.5085875790637
23,2020-01-27,308.95,90.50831149947197
22,2020-01-28,317.69,90.08253396417871
21,2020-01-29,324.34,89.85683562684916
20,2020-01-30,323.87,88.87282254019715
19,2020-01-31,309.51,89.67490440963135
18,2020-02-03,308.66,89.76733611863145
17,2020-02-04,318.85,89.43079509630502
16,2020-02-05,321.45,89.21098994609007
15,2020-02-06,325.21,89.09380397265367
14,2020-02-07,320.03,89.41048165715002
13,2020-02-10,321.55,89.10575651801155
12,2020-02-11,319.61,89.63682374404893
11,2020-02-12,327.2,89.2555198832728
10,2020-02-13,324.87,89.98412140298039
9,2020-02-14,324.95,89.63105093287007
8,2020-02-18,319.0,89.12568135224357
7,2020-02-19,323.62,89.47457660919167
6,2020-02-20,320.3,89.29113545904086
5,2020-02-21,313.05,90.07891876080447
4,2020-02-24,298.18,89.58036743019
3,2020-02-25,288.08,89.6634673873026
2,2020-02-26,292.65,89.00707834469415
1,2020-02-27,273.52,89.20477619262488
0,2020-02-28,273.36,88.51584508591183
